index	title	residue
0	2	2
1	3	3
2	4	4
3	5	5
4	6	6
5	7	7
6	8	8
7	9	9
8	10	10
9	11	11
10	12	12
11	13	13
12	14	14
13	15	15
14	16	16
15	17	17
16	18	18
17	20	20
18	21	21
19	22	22
20	23	23
21	25	25
22	26	26
23	27	27
24	28	28
25	29	29
26	30	30
27	31	31
28	32	32
29	33	33
30	34	34
31	35	35
32	36	36
33	39	39
34	40	40
35	41	41
36	42	42
37	43	43
38	44	44
39	45	45
40	46	46
41	47	47
42	48	48
43	49	49
44	50	50
45	51	51
46	52	52
47	54	54
48	55	55
49	57	57
50	58	58
51	59	59
52	60	60
53	61	61
54	62	62
55	63	63
56	64	64
57	65	65
58	66	66
59	67	67
60	68	68
61	69	69
62	70	70
63	71	71
64	72	72
