index	residue	model	nucleus	gamma	rxh	csa	csa_sigma
0	2	110	N15	-2.7100	1.0200	-160.0000	0.0000
1	3	100	N15	-2.7100	1.0200	-160.0000	0.0000
2	4	100	N15	-2.7100	1.0200	-160.0000	0.0000
3	5	100	N15	-2.7100	1.0200	-160.0000	0.0000
4	6	100	N15	-2.7100	1.0200	-160.0000	0.0000
5	7	110	N15	-2.7100	1.0200	-160.0000	0.0000
6	8	110	N15	-2.7100	1.0200	-160.0000	0.0000
7	9	110	N15	-2.7100	1.0200	-160.0000	0.0000
8	10	110	N15	-2.7100	1.0200	-160.0000	0.0000
9	11	110	N15	-2.7100	1.0200	-160.0000	0.0000
10	12	110	N15	-2.7100	1.0200	-160.0000	0.0000
11	13	100	N15	-2.7100	1.0200	-160.0000	0.0000
12	14	100	N15	-2.7100	1.0200	-160.0000	0.0000
13	15	110	N15	-2.7100	1.0200	-160.0000	0.0000
14	16	100	N15	-2.7100	1.0200	-160.0000	0.0000
15	17	100	N15	-2.7100	1.0200	-160.0000	0.0000
16	18	100	N15	-2.7100	1.0200	-160.0000	0.0000
17	20	110	N15	-2.7100	1.0200	-160.0000	0.0000
18	21	100	N15	-2.7100	1.0200	-160.0000	0.0000
19	22	1110	N15	-2.7100	1.0200	-160.0000	0.0000
20	23	101	N15	-2.7100	1.0200	-160.0000	0.0000
21	25	111	N15	-2.7100	1.0200	-160.0000	0.0000
22	26	100	N15	-2.7100	1.0200	-160.0000	0.0000
23	27	100	N15	-2.7100	1.0200	-160.0000	0.0000
24	28	100	N15	-2.7100	1.0200	-160.0000	0.0000
25	29	100	N15	-2.7100	1.0200	-160.0000	0.0000
26	30	100	N15	-2.7100	1.0200	-160.0000	0.0000
27	31	1110	N15	-2.7100	1.0200	-160.0000	0.0000
28	32	100	N15	-2.7100	1.0200	-160.0000	0.0000
29	33	110	N15	-2.7100	1.0200	-160.0000	0.0000
30	34	110	N15	-2.7100	1.0200	-160.0000	0.0000
31	35	101	N15	-2.7100	1.0200	-160.0000	0.0000
32	36	100	N15	-2.7100	1.0200	-160.0000	0.0000
33	39	100	N15	-2.7100	1.0200	-160.0000	0.0000
34	40	110	N15	-2.7100	1.0200	-160.0000	0.0000
35	41	100	N15	-2.7100	1.0200	-160.0000	0.0000
36	42	110	N15	-2.7100	1.0200	-160.0000	0.0000
37	43	100	N15	-2.7100	1.0200	-160.0000	0.0000
38	44	110	N15	-2.7100	1.0200	-160.0000	0.0000
39	45	100	N15	-2.7100	1.0200	-160.0000	0.0000
40	46	110	N15	-2.7100	1.0200	-160.0000	0.0000
41	47	100	N15	-2.7100	1.0200	-160.0000	0.0000
42	48	100	N15	-2.7100	1.0200	-160.0000	0.0000
43	49	110	N15	-2.7100	1.0200	-160.0000	0.0000
44	50	110	N15	-2.7100	1.0200	-160.0000	0.0000
45	51	100	N15	-2.7100	1.0200	-160.0000	0.0000
46	52	111	N15	-2.7100	1.0200	-160.0000	0.0000
47	54	100	N15	-2.7100	1.0200	-160.0000	0.0000
48	55	100	N15	-2.7100	1.0200	-160.0000	0.0000
49	57	100	N15	-2.7100	1.0200	-160.0000	0.0000
50	58	100	N15	-2.7100	1.0200	-160.0000	0.0000
51	59	100	N15	-2.7100	1.0200	-160.0000	0.0000
52	60	110	N15	-2.7100	1.0200	-160.0000	0.0000
53	61	100	N15	-2.7100	1.0200	-160.0000	0.0000
54	62	1110	N15	-2.7100	1.0200	-160.0000	0.0000
55	63	100	N15	-2.7100	1.0200	-160.0000	0.0000
56	64	100	N15	-2.7100	1.0200	-160.0000	0.0000
57	65	100	N15	-2.7100	1.0200	-160.0000	0.0000
58	66	100	N15	-2.7100	1.0200	-160.0000	0.0000
59	67	100	N15	-2.7100	1.0200	-160.0000	0.0000
60	68	100	N15	-2.7100	1.0200	-160.0000	0.0000
61	69	100	N15	-2.7100	1.0200	-160.0000	0.0000
62	70	100	N15	-2.7100	1.0200	-160.0000	0.0000
63	71	110	N15	-2.7100	1.0200	-160.0000	0.0000
64	72	100	N15	-2.7100	1.0200	-160.0000	0.0000
